EXP-ID,SingleTask,ID,isFinished,startTime,EndTime,pickupTime,completionTime,beginPosition+,endPosition,inOrderFor,agvID,Priority
inf-MAX-FAST-LARGE-TTL2,1,136,true,0,3000000,92750,451250,184.0-98.0,120.0-120.0,null,12,1
inf-MAX-FAST-LARGE-TTL2,1,123,true,0,3600000,119250,462750,96.0-18.0,84.0-44.0,null,19,1
inf-MAX-FAST-LARGE-TTL2,1,124,true,0,3600000,123250,478000,172.0-18.0,128.0-58.0,null,14,1
inf-MAX-FAST-LARGE-TTL2,1,135,true,0,3600000,176500,552500,184.0-94.0,132.0-120.0,null,17,1
inf-MAX-FAST-LARGE-TTL2,1,131,true,0,2400000,570000,938500,40.0-54.0,80.0-120.0,null,11,1
inf-MAX-FAST-LARGE-TTL2,1,125,true,0,2400000,592500,1016000,172.0-18.0,38.0-78.0,null,10,1
inf-MAX-FAST-LARGE-TTL2,1,107,true,0,1800000,726500,1188750,40.0-44.0,184.0-120.0,null,4,1
inf-MAX-FAST-LARGE-TTL2,1,126,true,0,2400000,904750,1269500,172.0-18.0,208.0-58.0,null,7,1
inf-MAX-FAST-LARGE-TTL2,0,139,false,0,1800000,638750,1322250,184.0-98.0,184.0-98.0,137,9,0
inf-MAX-FAST-LARGE-TTL2,1,137,true,0,1800000,957750,1338750,184.0-98.0,108.0-120.0,null,16,1
inf-MAX-FAST-LARGE-TTL2,1,128,true,0,3000000,1084500,1460500,40.0-58.0,60.0-120.0,null,17,1
inf-MAX-FAST-LARGE-TTL2,1,105,true,0,3000000,1075500,1497750,40.0-44.0,124.0-120.0,null,15,1
inf-MAX-FAST-LARGE-TTL2,1,130,true,0,3000000,1238750,1589750,40.0-54.0,52.0-120.0,null,14,1
inf-MAX-FAST-LARGE-TTL2,1,127,true,0,3000000,1271250,1682250,172.0-18.0,38.0-58.0,null,12,1
inf-MAX-FAST-LARGE-TTL2,1,237,true,1258250,4258250,1420750,1829250,60.0-18.0,176.0-44.0,null,10,1
inf-MAX-FAST-LARGE-TTL2,1,106,true,0,3000000,1394000,1846250,40.0-44.0,172.0-120.0,null,5,1
inf-MAX-FAST-LARGE-TTL2,1,205,true,1092250,3492250,1481500,1887500,132.0-58.0,64.0-120.0,null,3,1
inf-MAX-FAST-LARGE-TTL2,0,110,false,0,3000000,375500,2164500,40.0-48.0,40.0-48.0,108,1,0
inf-MAX-FAST-LARGE-TTL2,1,208,true,1092250,3492250,1824500,2215500,132.0-58.0,88.0-120.0,null,16,1
inf-MAX-FAST-LARGE-TTL2,1,108,true,0,3000000,1802500,2232250,40.0-44.0,136.0-120.0,null,2,1
inf-MAX-FAST-LARGE-TTL2,1,240,true,1338750,4338750,1793750,2252250,52.0-18.0,208.0-88.0,null,11,1
inf-MAX-FAST-LARGE-TTL2,0,134,false,0,3600000,1595250,2259500,40.0-54.0,40.0-54.0,129,19,0
inf-MAX-FAST-LARGE-TTL2,1,129,true,0,3600000,1900750,2311750,40.0-54.0,148.0-120.0,null,9,1
inf-MAX-FAST-LARGE-TTL2,1,238,true,1258250,4258250,1901000,2328250,60.0-18.0,206.0-44.0,null,7,1
inf-MAX-FAST-LARGE-TTL2,1,206,true,1092250,2892250,2142500,2498500,132.0-58.0,128.0-120.0,null,4,1
inf-MAX-FAST-LARGE-TTL2,0,209,false,1092250,3492250,1176000,2507000,132.0-58.0,132.0-58.0,208,13,0
inf-MAX-FAST-LARGE-TTL2,0,109,false,0,3000000,64250,2529000,40.0-48.0,40.0-48.0,108,0,0
inf-MAX-FAST-LARGE-TTL2,1,268,true,1682250,3482250,2123250,2540500,144.0-18.0,50.0-108.0,null,12,1
inf-MAX-FAST-LARGE-TTL2,0,133,false,0,3000000,888500,2606000,40.0-54.0,40.0-54.0,130,18,0
inf-MAX-FAST-LARGE-TTL2,1,207,true,1092250,4692250,2317500,2691000,132.0-54.0,180.0-120.0,null,15,1
inf-MAX-FAST-LARGE-TTL2,1,239,true,1258250,3658250,2344750,2695750,60.0-18.0,26.0-54.0,null,10,1
inf-MAX-FAST-LARGE-TTL2,1,269,true,1682250,4082250,2476750,2825250,144.0-18.0,178.0-54.0,null,3,1
inf-MAX-FAST-LARGE-TTL2,0,132,false,0,2400000,135500,2974750,40.0-54.0,40.0-54.0,131,6,0
inf-MAX-FAST-LARGE-TTL2,1,311,true,1973250,3773250,2623750,3034750,56.0-18.0,180.0-28.0,null,1,1
inf-MAX-FAST-LARGE-TTL2,1,334,true,2259500,4059500,2623000,3044000,182.0-68.0,48.0-120.0,null,2,1
inf-MAX-FAST-LARGE-TTL2,1,295,true,1887500,4287500,2644250,3080250,62.0-48.0,172.0-120.0,null,19,1
inf-MAX-FAST-LARGE-TTL2,1,315,true,2097500,5097500,2964000,3370250,26.0-98.0,128.0-120.0,null,5,1
inf-MAX-FAST-LARGE-TTL2,1,398,true,2806750,4606750,3073000,3472750,128.0-48.0,48.0-120.0,null,12,1
inf-MAX-FAST-LARGE-TTL2,1,349,true,2407250,5407250,3169250,3569000,120.0-18.0,54.0-108.0,null,4,1
inf-MAX-FAST-LARGE-TTL2,0,298,false,1887500,3687500,3056500,3718250,62.0-48.0,62.0-48.0,294,7,0
inf-MAX-FAST-LARGE-TTL2,1,294,true,1887500,3687500,3365500,3776500,62.0-48.0,132.0-120.0,null,13,1
inf-MAX-FAST-LARGE-TTL2,1,350,true,2407250,4807250,3625750,3991750,120.0-18.0,202.0-34.0,null,3,1
inf-MAX-FAST-LARGE-TTL2,0,297,false,1887500,4287500,2288750,4081500,62.0-48.0,62.0-48.0,295,14,0
inf-MAX-FAST-LARGE-TTL2,1,472,true,3718250,5518250,3861250,4257250,124.0-18.0,206.0-74.0,null,15,1
inf-MAX-FAST-LARGE-TTL2,0,319,false,2097500,4497500,3648750,4313000,26.0-98.0,26.0-98.0,316,19,0
inf-MAX-FAST-LARGE-TTL2,1,316,true,2097500,4497500,3962750,4315000,26.0-98.0,76.0-120.0,null,18,1
inf-MAX-FAST-LARGE-TTL2,1,358,true,2529000,4329000,4000500,4320250,176.0-104.0,172.0-120.0,null,12,1
inf-MAX-FAST-LARGE-TTL2,1,241,true,1338750,4938750,3958750,4354750,52.0-18.0,184.0-24.0,null,4,1
inf-MAX-FAST-LARGE-TTL2,0,362,false,2529000,4329000,3685750,4361250,176.0-108.0,176.0-108.0,358,2,0
inf-MAX-FAST-LARGE-TTL2,0,296,false,1887500,4287500,1977000,4446000,62.0-48.0,62.0-48.0,295,17,0
inf-MAX-FAST-LARGE-TTL2,1,312,true,1973250,4973250,4220000,4631000,56.0-18.0,174.0-54.0,null,13,1
inf-MAX-FAST-LARGE-TTL2,0,318,false,2097500,4497500,3339500,4674000,26.0-98.0,26.0-98.0,316,6,0
inf-MAX-FAST-LARGE-TTL2,0,338,false,2259500,4659500,3446500,4706250,182.0-68.0,182.0-68.0,335,16,0
inf-MAX-FAST-LARGE-TTL2,0,361,false,2529000,4329000,3331500,4724500,176.0-108.0,176.0-108.0,358,10,0
inf-MAX-FAST-LARGE-TTL2,1,335,true,2259500,4659500,4342750,4738750,182.0-68.0,104.0-120.0,null,3,1
inf-MAX-FAST-LARGE-TTL2,0,337,false,2259500,4659500,2965000,5073000,182.0-68.0,182.0-68.0,335,0,0
inf-MAX-FAST-LARGE-TTL2,0,360,false,2529000,4329000,3024750,5087750,176.0-108.0,176.0-108.0,358,11,0
inf-MAX-FAST-LARGE-TTL2,1,499,true,4417250,6217250,4751000,5118000,76.0-18.0,126.0-34.0,null,18,1
inf-MAX-FAST-LARGE-TTL2,1,313,true,1973250,5573250,4695750,5135500,56.0-18.0,174.0-68.0,null,15,1
inf-MAX-FAST-LARGE-TTL2,0,401,false,2806750,5806750,4487500,5255000,128.0-48.0,128.0-48.0,397,14,0
inf-MAX-FAST-LARGE-TTL2,1,397,true,2806750,5806750,4893000,5277750,128.0-48.0,168.0-120.0,null,2,1
inf-MAX-FAST-LARGE-TTL2,1,482,true,4313000,7913000,4908250,5330500,40.0-44.0,156.0-120.0,null,19,1
inf-MAX-FAST-LARGE-TTL2,1,314,true,1973250,5573250,5012500,5388500,56.0-18.0,88.0-84.0,null,17,1
inf-MAX-FAST-LARGE-TTL2,1,494,true,4361250,6161250,5025750,5430500,60.0-48.0,124.0-120.0,null,13,1
inf-MAX-FAST-LARGE-TTL2,1,500,true,4417250,6217250,5074250,5431500,76.0-18.0,58.0-64.0,null,12,1
inf-MAX-FAST-LARGE-TTL2,0,359,false,2529000,4329000,2709000,5447500,176.0-108.0,176.0-108.0,358,9,0
inf-MAX-FAST-LARGE-TTL2,1,495,true,4361250,6761250,5138000,5484000,168.0-18.0,148.0-68.0,null,10,1
inf-MAX-FAST-LARGE-TTL2,1,473,true,3718250,7318250,5134750,5503250,124.0-18.0,182.0-54.0,null,4,1
inf-MAX-FAST-LARGE-TTL2,0,400,false,2806750,5806750,4124250,5675250,128.0-48.0,128.0-48.0,397,7,0
inf-MAX-FAST-LARGE-TTL2,1,501,true,4417250,8017250,5479000,5837500,76.0-18.0,98.0-74.0,null,18,1
inf-MAX-FAST-LARGE-TTL2,1,496,true,4361250,7961250,5541750,5902750,168.0-18.0,134.0-78.0,null,0,1
inf-MAX-FAST-LARGE-TTL2,1,597,true,5484000,7284000,5590250,5963750,204.0-74.0,176.0-120.0,null,3,1
inf-MAX-FAST-LARGE-TTL2,1,483,true,4313000,6113000,5561500,5966250,40.0-44.0,128.0-120.0,null,15,1
inf-MAX-FAST-LARGE-TTL2,0,399,false,2806750,5806750,3733250,6046000,128.0-48.0,128.0-48.0,397,1,0
inf-MAX-FAST-LARGE-TTL2,1,474,true,3718250,6718250,5716250,6096000,124.0-18.0,170.0-84.0,null,2,1
inf-MAX-FAST-LARGE-TTL2,1,502,true,4417250,6817250,5792500,6223500,76.0-18.0,152.0-108.0,null,17,1
inf-MAX-FAST-LARGE-TTL2,1,497,true,4361250,7961250,5857000,6240500,168.0-18.0,160.0-104.0,null,11,1
inf-MAX-FAST-LARGE-TTL2,1,560,true,5031250,8031250,5754000,6280750,112.0-18.0,172.0-104.0,null,19,1
inf-MAX-FAST-LARGE-TTL2,0,536,false,4674000,7074000,5741000,6402750,52.0-34.0,52.0-34.0,534,6,0
inf-MAX-FAST-LARGE-TTL2,1,534,true,4674000,7074000,6046000,6452000,52.0-34.0,132.0-120.0,null,14,1
inf-MAX-FAST-LARGE-TTL2,1,573,true,5135500,7535500,6061500,6456250,152.0-18.0,54.0-68.0,null,7,1
inf-MAX-FAST-LARGE-TTL2,1,596,true,5484000,7284000,6221000,6577000,204.0-78.0,172.0-120.0,null,18,1
inf-MAX-FAST-LARGE-TTL2,0,601,false,5484000,7284000,5893500,6584500,204.0-78.0,204.0-78.0,596,4,0
inf-MAX-FAST-LARGE-TTL2,1,498,true,4361250,6161250,6175250,6585000,168.0-18.0,88.0-74.0,null,10,1
inf-MAX-FAST-LARGE-TTL2,1,671,true,6199500,9799500,6356000,6740750,148.0-24.0,184.0-120.0,null,0,1
inf-MAX-FAST-LARGE-TTL2,0,535,false,4674000,7074000,5433500,6768000,52.0-34.0,52.0-34.0,534,16,0
inf-MAX-FAST-LARGE-TTL2,1,475,true,3718250,7318250,6399500,6784250,124.0-18.0,82.0-108.0,null,1,1
inf-MAX-FAST-LARGE-TTL2,1,561,true,5031250,7431250,6393250,6801750,112.0-18.0,64.0-104.0,null,15,1
inf-MAX-FAST-LARGE-TTL2,1,598,true,5484000,7884000,6550750,7004250,204.0-74.0,64.0-120.0,null,9,1
inf-MAX-FAST-LARGE-TTL2,1,694,true,6500500,8300500,6939250,7324000,180.0-18.0,160.0-94.0,null,4,1
inf-MAX-FAST-LARGE-TTL2,1,574,true,5135500,8735500,7043750,7418500,152.0-18.0,50.0-24.0,null,14,1
inf-MAX-FAST-LARGE-TTL2,1,562,true,5031250,8631250,7074250,7451500,112.0-18.0,170.0-44.0,null,19,1
inf-MAX-FAST-LARGE-TTL2,1,695,true,6500500,9500500,7269500,7650500,180.0-18.0,202.0-94.0,null,18,1
inf-MAX-FAST-LARGE-TTL2,0,588,false,5388250,8388250,7118250,7782500,82.0-24.0,82.0-24.0,585,11,0
inf-MAX-FAST-LARGE-TTL2,1,585,true,5388250,8388250,7436250,7862250,82.0-24.0,184.0-120.0,null,0,1
inf-MAX-FAST-LARGE-TTL2,1,696,true,6500500,8300500,7587250,7937000,180.0-18.0,182.0-64.0,null,15,1
inf-MAX-FAST-LARGE-TTL2,1,667,true,6199500,9799500,7503500,7948250,148.0-24.0,88.0-120.0,null,10,1
inf-MAX-FAST-LARGE-TTL2,0,587,false,5388250,8388250,6807750,8142250,82.0-24.0,82.0-24.0,585,3,0
inf-MAX-FAST-LARGE-TTL2,0,603,false,5484000,8484000,7201500,8161500,204.0-74.0,204.0-74.0,595,1,0
inf-MAX-FAST-LARGE-TTL2,1,670,true,6199500,9799500,7604500,8180250,148.0-28.0,184.0-120.0,null,16,1
inf-MAX-FAST-LARGE-TTL2,1,595,true,5484000,8484000,7812500,8228500,204.0-74.0,100.0-120.0,null,19,1
inf-MAX-FAST-LARGE-TTL2,1,700,true,6698500,10298500,7944750,8315750,76.0-98.0,152.0-120.0,null,9,1
inf-MAX-FAST-LARGE-TTL2,0,586,false,5388250,8388250,6450000,8491250,82.0-24.0,82.0-24.0,585,12,0
inf-MAX-FAST-LARGE-TTL2,0,602,false,5484000,8484000,6860750,8503000,204.0-74.0,204.0-74.0,595,6,0
inf-MAX-FAST-LARGE-TTL2,1,668,true,6199500,9199500,8206000,8590750,148.0-28.0,176.0-120.0,null,11,1
inf-MAX-FAST-LARGE-TTL2,0,673,false,6199500,7999500,7172500,8666250,148.0-24.0,148.0-24.0,669,17,0
inf-MAX-FAST-LARGE-TTL2,1,697,true,6500500,9500500,8285750,8669250,180.0-18.0,158.0-94.0,null,0,1
inf-MAX-FAST-LARGE-TTL2,1,771,true,7535250,9335250,8371500,8760000,132.0-18.0,196.0-28.0,null,10,1
inf-MAX-FAST-LARGE-TTL2,1,669,true,6199500,7999500,8303000,8762750,148.0-24.0,64.0-120.0,null,15,1
inf-MAX-FAST-LARGE-TTL2,0,600,false,5484000,7884000,6245250,8866750,204.0-74.0,204.0-74.0,598,13,0
inf-MAX-FAST-LARGE-TTL2,0,708,false,6698500,9098500,8044000,8870500,180.0-54.0,180.0-54.0,704,18,0
inf-MAX-FAST-LARGE-TTL2,1,704,true,6698500,9098500,8507250,8943250,180.0-54.0,88.0-120.0,null,1008,1
inf-MAX-FAST-LARGE-TTL2,1,801,true,8195250,10595250,8656000,9022000,96.0-18.0,148.0-28.0,null,16,1
inf-MAX-FAST-LARGE-TTL2,0,672,false,6199500,7999500,6775500,9029750,148.0-24.0,148.0-24.0,669,2,0
inf-MAX-FAST-LARGE-TTL2,1,819,true,8503000,12103000,8649500,9079250,76.0-18.0,154.0-108.0,null,19,1
inf-MAX-FAST-LARGE-TTL2,0,707,false,6698500,9098500,7663750,9232250,180.0-54.0,180.0-54.0,704,4,0
inf-MAX-FAST-LARGE-TTL2,1,802,true,8195250,10595250,8985500,9334000,96.0-18.0,100.0-48.0,null,3,1
inf-MAX-FAST-LARGE-TTL2,1,772,true,7535250,11135250,8838500,9363750,132.0-18.0,58.0-54.0,null,12,1
inf-MAX-FAST-LARGE-TTL2,1,823,true,8650250,10450250,9050250,9408750,60.0-78.0,80.0-120.0,null,0,1
inf-MAX-FAST-LARGE-TTL2,1,701,true,6698500,10298500,9104500,9473000,76.0-94.0,60.0-120.0,null,6,1
inf-MAX-FAST-LARGE-TTL2,0,703,false,6698500,10298500,8800250,9529500,76.0-94.0,76.0-94.0,701,1,0
inf-MAX-FAST-LARGE-TTL2,1,820,true,8503000,10303000,9143500,9530750,76.0-18.0,124.0-58.0,null,10,1
inf-MAX-FAST-LARGE-TTL2,1,705,true,6698500,10298500,9204000,9585000,180.0-58.0,120.0-120.0,null,13,1
inf-MAX-FAST-LARGE-TTL2,0,706,false,6698500,10298500,8782500,9688000,180.0-58.0,180.0-58.0,705,9,0
inf-MAX-FAST-LARGE-TTL2,1,803,true,8195250,11195250,9292500,9697250,96.0-18.0,170.0-104.0,null,11,1
inf-MAX-FAST-LARGE-TTL2,0,702,false,6698500,10298500,8476000,9894000,76.0-94.0,76.0-94.0,701,14,0
inf-MAX-FAST-LARGE-TTL2,1,804,true,8195250,11195250,9605750,9999250,96.0-18.0,182.0-74.0,null,19,1
inf-MAX-FAST-LARGE-TTL2,1,895,true,9232250,11032250,9662000,10048000,170.0-64.0,152.0-120.0,null,18,1
inf-MAX-FAST-LARGE-TTL2,0,800,false,8142250,10542250,9525750,10209000,38.0-108.0,38.0-108.0,799,15,0
inf-MAX-FAST-LARGE-TTL2,1,824,true,8650250,10450250,9887000,10218000,112.0-94.0,132.0-120.0,null,4,1
inf-MAX-FAST-LARGE-TTL2,1,799,true,8142250,10542250,9844500,10228000,38.0-108.0,124.0-120.0,null,0,1
inf-MAX-FAST-LARGE-TTL2,1,869,true,8943250,11943250,9910500,10291500,120.0-18.0,132.0-108.0,null,10,1
inf-MAX-FAST-LARGE-TTL2,1,821,true,8527250,12127250,10040000,10437250,176.0-18.0,64.0-58.0,null,2,1
inf-MAX-FAST-LARGE-TTL2,1,910,true,9441000,12441000,10058750,10493500,172.0-28.0,88.0-120.0,null,3,1
inf-MAX-FAST-LARGE-TTL2,1,946,true,10073000,11873000,10273500,10610750,104.0-18.0,104.0-54.0,null,13,1
inf-MAX-FAST-LARGE-TTL2,1,822,true,8527250,10927250,10345250,10708750,176.0-18.0,158.0-98.0,null,12,1
inf-MAX-FAST-LARGE-TTL2,1,959,true,10291500,12691500,10688250,11108000,36.0-44.0,148.0-120.0,null,11,1
inf-MAX-FAST-LARGE-TTL2,1,870,true,8943250,11343250,10849500,11249250,120.0-18.0,62.0-84.0,null,2,1
inf-MAX-FAST-LARGE-TTL2,1,947,true,10073000,12473000,10969250,11316500,104.0-18.0,100.0-74.0,null,13,1
inf-MAX-FAST-LARGE-TTL2,1,825,true,8650250,11050250,11043250,11366750,112.0-94.0,120.0-120.0,null,18,1
inf-MAX-FAST-LARGE-TTL2,0,830,false,8650250,11050250,10725750,11388500,112.0-94.0,112.0-94.0,825,19,0
inf-MAX-FAST-LARGE-TTL2,1,976,true,10543250,12943250,11053000,11524500,134.0-114.0,132.0-120.0,null,0,1
inf-MAX-FAST-LARGE-TTL2,0,897,false,9232250,12832250,10629000,11606250,170.0-64.0,170.0-64.0,894,4,0
inf-MAX-FAST-LARGE-TTL2,1,911,true,9441000,13041000,11209250,11614000,172.0-28.0,136.0-120.0,null,3,1
inf-MAX-FAST-LARGE-TTL2,1,894,true,9232250,12832250,11243000,11686500,170.0-64.0,52.0-120.0,null,10,1
inf-MAX-FAST-LARGE-TTL2,0,829,false,8650250,11050250,10255000,11735750,112.0-94.0,112.0-94.0,825,9,0
inf-MAX-FAST-LARGE-TTL2,1,934,true,9894000,12894000,11554250,11901500,84.0-18.0,102.0-44.0,null,11,1
inf-MAX-FAST-LARGE-TTL2,0,896,false,9232250,11032250,9351500,11970750,170.0-64.0,170.0-64.0,895,1008,0
inf-MAX-FAST-LARGE-TTL2,0,827,false,8650250,11050250,9519750,12085250,112.0-94.0,112.0-94.0,825,16,0
inf-MAX-FAST-LARGE-TTL2,1,935,true,9894000,13494000,11871000,12270000,84.0-18.0,82.0-54.0,null,13,1
inf-MAX-FAST-LARGE-TTL2,1,1072,true,11388500,13788500,11945000,12302250,82.0-54.0,104.0-120.0,null,18,1
inf-MAX-FAST-LARGE-TTL2,0,917,false,9441000,11841000,11675250,12341500,172.0-28.0,172.0-28.0,912,2,0
inf-MAX-FAST-LARGE-TTL2,1,912,true,9441000,11841000,11996250,12366000,172.0-28.0,176.0-120.0,null,19,1
inf-MAX-FAST-LARGE-TTL2,1,1095,true,11528000,13928000,12022500,12417250,156.0-18.0,78.0-88.0,null,3,1
inf-MAX-FAST-LARGE-TTL2,0,826,false,8650250,11050250,9130000,12449750,112.0-94.0,112.0-94.0,825,17,0
inf-MAX-FAST-LARGE-TTL2,1,975,true,10543250,12943250,12205250,12535000,134.0-114.0,172.0-120.0,null,12,1
inf-MAX-FAST-LARGE-TTL2,0,978,false,10543250,12943250,11887000,12567250,134.0-114.0,134.0-114.0,975,0,0
inf-MAX-FAST-LARGE-TTL2,0,1073,false,11388500,13788500,11571250,12634500,82.0-54.0,82.0-54.0,1072,15,0
inf-MAX-FAST-LARGE-TTL2,1,1071,true,11388500,14988500,12270000,12647250,82.0-54.0,136.0-120.0,null,13,1
inf-MAX-FAST-LARGE-TTL2,0,915,false,9441000,11841000,10807500,12697750,172.0-28.0,172.0-28.0,912,14,0
inf-MAX-FAST-LARGE-TTL2,0,914,false,9441000,11841000,10377250,13057250,172.0-28.0,172.0-28.0,912,1,0
inf-MAX-FAST-LARGE-TTL2,1,1119,true,11672250,15272250,12775750,13118000,50.0-94.0,88.0-120.0,null,16,1
inf-MAX-FAST-LARGE-TTL2,1,1096,true,11528000,13328000,12953250,13358000,156.0-18.0,52.0-78.0,null,0,1
inf-MAX-FAST-LARGE-TTL2,1,1116,true,11672250,13472250,13094250,13446500,50.0-94.0,56.0-120.0,null,1008,1
inf-MAX-FAST-LARGE-TTL2,1,1118,true,11672250,14072250,13407250,13804500,50.0-94.0,176.0-120.0,null,17,1
inf-MAX-FAST-LARGE-TTL2,0,1174,false,12094250,13894250,13194500,14002500,32.0-98.0,32.0-98.0,1172,1005,0
inf-MAX-FAST-LARGE-TTL2,1,1172,true,12094250,13894250,13644500,14058000,32.0-98.0,168.0-120.0,null,3,1
inf-MAX-FAST-LARGE-TTL2,0,1178,false,12094250,13894250,13448500,14148750,182.0-94.0,182.0-94.0,1175,1,0
inf-MAX-FAST-LARGE-TTL2,0,1173,false,12094250,13894250,12794750,14363250,32.0-98.0,32.0-98.0,1172,4,0
inf-MAX-FAST-LARGE-TTL2,1,1175,true,12094250,13894250,13759000,14380000,182.0-94.0,168.0-120.0,null,0,1
inf-MAX-FAST-LARGE-TTL2,0,1177,false,12094250,13894250,13129750,14527500,182.0-94.0,182.0-94.0,1175,15,0
inf-MAX-FAST-LARGE-TTL2,0,960,false,10291500,13891500,13817750,14586250,36.0-44.0,36.0-44.0,958,12,0
inf-MAX-FAST-LARGE-TTL2,1,1097,true,11528000,13328000,14218000,14622750,156.0-18.0,206.0-88.0,null,17,1
inf-MAX-FAST-LARGE-TTL2,1,958,true,10291500,13891500,14221750,14641500,36.0-44.0,148.0-120.0,null,2,1
inf-MAX-FAST-LARGE-TTL2,1,1263,true,13047750,16647750,14512750,14883750,152.0-18.0,128.0-84.0,null,1007,1
inf-MAX-FAST-LARGE-TTL2,0,1176,false,12094250,13894250,12738750,14892250,182.0-94.0,182.0-94.0,1175,19,0
inf-MAX-FAST-LARGE-TTL2,0,1124,false,11672250,14072250,14154250,15009250,50.0-94.0,50.0-94.0,1117,1008,0
inf-MAX-FAST-LARGE-TTL2,1,1117,true,11672250,14072250,14648500,15013250,50.0-94.0,124.0-120.0,null,1,1
inf-MAX-FAST-LARGE-TTL2,0,1209,false,12472250,14272250,13899000,15162500,174.0-78.0,174.0-78.0,1204,16,0
inf-MAX-FAST-LARGE-TTL2,0,1094,false,11524500,15124500,14501750,15180500,106.0-28.0,106.0-28.0,1092,3,0
inf-MAX-FAST-LARGE-TTL2,1,1092,true,11524500,15124500,14817250,15185750,106.0-28.0,96.0-120.0,null,1005,1
inf-MAX-FAST-LARGE-TTL2,1,1204,true,12472250,14272250,14799250,15211500,174.0-78.0,52.0-120.0,null,4,1
inf-MAX-FAST-LARGE-TTL2,0,1123,false,11672250,14072250,13805000,15371250,50.0-94.0,50.0-94.0,1117,13,0
inf-MAX-FAST-LARGE-TTL2,1,1264,true,13047750,16047750,15011000,15414500,152.0-18.0,84.0-84.0,null,12,1
inf-MAX-FAST-LARGE-TTL2,1,1342,true,14363250,16763250,15049000,15423750,200.0-84.0,184.0-120.0,null,2,1
inf-MAX-FAST-LARGE-TTL2,0,1208,false,12472250,14272250,13515500,15522750,174.0-78.0,174.0-78.0,1204,14,0
inf-MAX-FAST-LARGE-TTL2,1,1366,true,14732500,17732500,15163250,15529250,104.0-78.0,48.0-120.0,null,15,1
inf-MAX-FAST-LARGE-TTL2,0,1093,false,11524500,15124500,12475500,15572000,106.0-28.0,106.0-28.0,1092,9,0
inf-MAX-FAST-LARGE-TTL2,1,1265,true,13047750,14847750,15382000,15721750,152.0-18.0,122.0-48.0,null,17,1
inf-MAX-FAST-LARGE-TTL2,0,1121,false,11672250,15272250,12422250,15734500,50.0-94.0,50.0-94.0,1119,11,0
inf-MAX-FAST-LARGE-TTL2,0,1207,false,12472250,15472250,15221000,15900750,174.0-74.0,174.0-74.0,1205,1007,0
inf-MAX-FAST-LARGE-TTL2,1,1341,true,14363250,17363250,15532750,15910000,200.0-88.0,124.0-120.0,null,1,1
inf-MAX-FAST-LARGE-TTL2,1,1205,true,12472250,15472250,15537500,15979750,174.0-74.0,64.0-120.0,null,1008,1
inf-MAX-FAST-LARGE-TTL2,0,1120,false,11672250,15272250,12054000,16099000,50.0-94.0,50.0-94.0,1119,10,0
inf-MAX-FAST-LARGE-TTL2,1,1266,true,13047750,16647750,15864750,16218250,152.0-18.0,148.0-84.0,null,2,1
inf-MAX-FAST-LARGE-TTL2,0,1206,false,12472250,15472250,14765000,16265250,174.0-74.0,174.0-74.0,1205,0,0
inf-MAX-FAST-LARGE-TTL2,1,1369,true,14732500,17132500,16122250,16488250,104.0-74.0,112.0-120.0,null,16,1
inf-MAX-FAST-LARGE-TTL2,1,1339,true,14363250,17963250,16345000,16699750,200.0-88.0,184.0-120.0,null,1,1
inf-MAX-FAST-LARGE-TTL2,1,1389,true,15180500,16980500,16307250,16715750,38.0-28.0,84.0-120.0,null,13,1
inf-MAX-FAST-LARGE-TTL2,1,1412,true,15463000,18463000,16627500,17001000,28.0-98.0,108.0-120.0,null,10,1
inf-MAX-FAST-LARGE-TTL2,1,1368,true,14732500,17732500,16435500,17018750,104.0-74.0,184.0-120.0,null,14,1
inf-MAX-FAST-LARGE-TTL2,1,1502,true,16035000,19035000,16771750,17099000,82.0-94.0,96.0-120.0,null,2,1
inf-MAX-FAST-LARGE-TTL2,1,1370,true,14732500,17132500,16833750,17319500,104.0-74.0,108.0-120.0,null,11,1
inf-MAX-FAST-LARGE-TTL2,0,1343,false,14363250,16763250,16021750,17340000,200.0-88.0,200.0-88.0,1340,9,0
inf-MAX-FAST-LARGE-TTL2,1,1340,true,14363250,16763250,16974000,17356250,200.0-88.0,132.0-120.0,null,1007,1
inf-MAX-FAST-LARGE-TTL2,1,1387,true,15180500,18780500,16933750,17364750,38.0-28.0,120.0-120.0,null,1008,1
inf-MAX-FAST-LARGE-TTL2,0,1414,false,15463000,17863000,17049750,17749250,28.0-94.0,28.0-94.0,1411,12,0
inf-MAX-FAST-LARGE-TTL2,1,1411,true,15463000,17863000,17360000,17756000,28.0-94.0,152.0-120.0,null,0,1
inf-MAX-FAST-LARGE-TTL2,1,1390,true,15180500,16980500,17296500,17760000,38.0-28.0,172.0-120.0,null,1,1
inf-MAX-FAST-LARGE-TTL2,1,1439,true,15598000,18598000,17421000,17815750,40.0-48.0,80.0-120.0,null,10,1
inf-MAX-FAST-LARGE-TTL2,1,1562,true,17124500,20124500,17524000,17898750,148.0-88.0,76.0-120.0,null,2,1
inf-MAX-FAST-LARGE-TTL2,0,1394,false,15180500,16980500,16616500,17975500,38.0-28.0,38.0-28.0,1390,19,0
inf-MAX-FAST-LARGE-TTL2,1,1388,true,15180500,18180500,17613500,18002000,38.0-28.0,52.0-120.0,null,13,1
inf-MAX-FAST-LARGE-TTL2,0,1374,false,14732500,17132500,17293750,18090000,104.0-74.0,104.0-74.0,1367,16,0
inf-MAX-FAST-LARGE-TTL2,1,1367,true,14732500,17132500,17728000,18094000,104.0-74.0,160.0-120.0,null,11,1
inf-MAX-FAST-LARGE-TTL2,0,1413,false,15463000,17863000,16395750,18110500,28.0-94.0,28.0-94.0,1411,17,0
inf-MAX-FAST-LARGE-TTL2,1,1560,true,17124500,18924500,17831750,18166500,148.0-88.0,156.0-120.0,null,14,1
inf-MAX-FAST-LARGE-TTL2,0,1392,false,15180500,16980500,15986750,18338750,38.0-28.0,38.0-28.0,1390,15,0
inf-MAX-FAST-LARGE-TTL2,0,1559,false,17124500,18924500,17686500,18365000,98.0-94.0,98.0-94.0,1558,1006,0
inf-MAX-FAST-LARGE-TTL2,1,1558,true,17124500,18924500,18000500,18372750,98.0-94.0,184.0-120.0,null,1007,1
inf-MAX-FAST-LARGE-TTL2,0,1371,false,14732500,17132500,15805250,18453250,104.0-74.0,104.0-74.0,1370,1005,0
inf-MAX-FAST-LARGE-TTL2,0,1391,false,15180500,16980500,15620250,18703250,38.0-28.0,38.0-28.0,1390,4,0
inf-MAX-FAST-LARGE-TTL2,1,1539,true,16699750,20299750,18354000,18736250,88.0-24.0,120.0-120.0,null,19,1
inf-MAX-FAST-LARGE-TTL2,1,1597,true,17905500,21505500,18374500,18790500,208.0-78.0,72.0-120.0,null,12,1
inf-MAX-FAST-LARGE-TTL2,1,1598,true,17905500,21505500,18362250,18825000,208.0-74.0,156.0-120.0,null,2,1
inf-MAX-FAST-LARGE-TTL2,0,1626,false,18110500,19910500,18204500,18879250,88.0-78.0,88.0-78.0,1625,10,0
inf-MAX-FAST-LARGE-TTL2,1,1625,true,18110500,19910500,18512000,18923000,88.0-78.0,184.0-120.0,null,1,1
inf-MAX-FAST-LARGE-TTL2,1,1652,true,18453250,20253250,18605000,19166250,88.0-18.0,182.0-98.0,null,14,1
inf-MAX-FAST-LARGE-TTL2,0,1541,false,16699750,19699750,18673250,19338750,88.0-24.0,88.0-24.0,1538,13,0
inf-MAX-FAST-LARGE-TTL2,1,1538,true,16699750,19699750,18993500,19375750,88.0-24.0,120.0-120.0,null,1006,1
inf-MAX-FAST-LARGE-TTL2,1,1653,true,18453250,21453250,19054250,19391500,96.0-18.0,50.0-28.0,null,1005,1
inf-MAX-FAST-LARGE-TTL2,1,1600,true,17905500,20305500,19170500,19620500,208.0-78.0,100.0-120.0,null,4,1
inf-MAX-FAST-LARGE-TTL2,0,1540,false,16699750,20299750,18048250,19704500,88.0-24.0,88.0-24.0,1539,1008,0
inf-MAX-FAST-LARGE-TTL2,1,1587,true,17760000,20760000,19522250,19915750,198.0-64.0,144.0-120.0,null,14,1
inf-MAX-FAST-LARGE-TTL2,1,1664,true,18879250,20679250,19717000,20074250,30.0-98.0,80.0-120.0,null,1,1
inf-MAX-FAST-LARGE-TTL2,0,1566,false,17124500,20124500,19312500,20185500,148.0-88.0,148.0-88.0,1561,12,0
inf-MAX-FAST-LARGE-TTL2,1,1561,true,17124500,20124500,19791250,20255250,148.0-88.0,56.0-120.0,null,13,1
inf-MAX-FAST-LARGE-TTL2,1,1662,true,18879250,21879250,20072000,20439250,30.0-98.0,96.0-120.0,null,19,1
inf-MAX-FAST-LARGE-TTL2,0,1565,false,17124500,20124500,18788500,20530750,148.0-88.0,148.0-88.0,1561,1007,0
inf-MAX-FAST-LARGE-TTL2,1,1596,true,17905500,21505500,20393000,20831500,208.0-78.0,60.0-120.0,null,1005,1
inf-MAX-FAST-LARGE-TTL2,0,1564,false,17124500,20124500,18470750,20900500,148.0-88.0,148.0-88.0,1561,16,0
inf-MAX-FAST-LARGE-TTL2,1,1759,true,19696000,23296000,20766250,21101000,52.0-18.0,56.0-54.0,null,10,1
inf-MAX-FAST-LARGE-TTL2,1,1665,true,18879250,21279250,20749000,21166250,30.0-98.0,176.0-120.0,null,12,1
inf-MAX-FAST-LARGE-TTL2,0,1606,false,17905500,20305500,20701750,21381000,208.0-78.0,208.0-78.0,1599,1,0
inf-MAX-FAST-LARGE-TTL2,1,1663,true,18879250,22479250,21063500,21418250,30.0-98.0,76.0-120.0,null,1007,1
inf-MAX-FAST-LARGE-TTL2,1,1599,true,17905500,20305500,21021500,21460000,208.0-78.0,60.0-120.0,null,19,1
inf-MAX-FAST-LARGE-TTL2,0,1591,false,17760000,21360000,20848250,21622250,198.0-64.0,198.0-64.0,1588,13,0
inf-MAX-FAST-LARGE-TTL2,1,1588,true,17760000,21360000,21259000,21660000,198.0-64.0,156.0-120.0,null,16,1
inf-MAX-FAST-LARGE-TTL2,1,1796,true,20096250,23096250,21301750,21686500,176.0-48.0,120.0-120.0,null,14,1
inf-MAX-FAST-LARGE-TTL2,0,1604,false,17905500,20305500,20051750,21815250,208.0-78.0,208.0-78.0,1599,1006,0
inf-MAX-FAST-LARGE-TTL2,0,1590,false,17760000,21360000,20181250,21983750,198.0-64.0,198.0-64.0,1588,1008,0
inf-MAX-FAST-LARGE-TTL2,0,1603,false,17905500,20305500,19647500,22208500,208.0-78.0,208.0-78.0,1599,11,0
inf-MAX-FAST-LARGE-TTL2,0,1672,false,18879250,21279250,21373000,22216500,30.0-98.0,30.0-98.0,1666,1005,0
inf-MAX-FAST-LARGE-TTL2,1,1666,true,18879250,21279250,21827250,22232000,30.0-98.0,156.0-120.0,null,1,1
inf-MAX-FAST-LARGE-TTL2,1,1760,true,19696000,22696000,21916000,22250750,52.0-18.0,38.0-24.0,null,19,1
inf-MAX-FAST-LARGE-TTL2,0,1801,false,20096250,23696250,21619500,22456750,176.0-48.0,176.0-48.0,1797,12,0
inf-MAX-FAST-LARGE-TTL2,1,1797,true,20096250,23696250,22101500,22471250,176.0-48.0,144.0-120.0,null,16,1
inf-MAX-FAST-LARGE-TTL2,0,1892,false,21326000,23726000,21759000,22472500,58.0-44.0,58.0-44.0,1891,10,0
inf-MAX-FAST-LARGE-TTL2,1,1908,true,21922750,25522750,22105250,22486250,88.0-38.0,96.0-120.0,null,14,1
inf-MAX-FAST-LARGE-TTL2,0,1602,false,17905500,20305500,18690250,22569500,208.0-78.0,208.0-78.0,1600,0,0
inf-MAX-FAST-LARGE-TTL2,0,1669,false,18879250,21279250,20424750,22578250,30.0-98.0,30.0-98.0,1666,4,0
inf-MAX-FAST-LARGE-TTL2,1,1891,true,21326000,23726000,22079500,22796500,58.0-44.0,144.0-120.0,null,13,1
inf-MAX-FAST-LARGE-TTL2,0,1799,false,20096250,23696250,20957000,22818000,176.0-48.0,176.0-48.0,1797,2,0
inf-MAX-FAST-LARGE-TTL2,1,1761,true,19696000,23296000,22506250,22908000,52.0-18.0,82.0-84.0,null,1008,1
inf-MAX-FAST-LARGE-TTL2,0,1798,false,20096250,23696250,20596500,23182500,176.0-48.0,176.0-48.0,1797,1018,0
inf-MAX-FAST-LARGE-TTL2,0,1905,false,21660000,24660000,22494000,23319000,82.0-88.0,82.0-88.0,1903,1006,0
inf-MAX-FAST-LARGE-TTL2,1,1909,true,21922750,23722750,22938250,23326750,88.0-38.0,60.0-120.0,null,11,1
inf-MAX-FAST-LARGE-TTL2,1,1762,true,19696000,23296000,22995750,23356750,52.0-18.0,58.0-94.0,null,1,1
inf-MAX-FAST-LARGE-TTL2,1,1903,true,21660000,24660000,22955750,23356750,82.0-88.0,184.0-120.0,null,10,1
inf-MAX-FAST-LARGE-TTL2,1,1943,true,22162250,25162250,23205250,23611250,56.0-18.0,196.0-24.0,null,1005,1
inf-MAX-FAST-LARGE-TTL2,0,1857,false,20601500,23601500,22874250,23644750,34.0-38.0,34.0-38.0,1854,12,0
inf-MAX-FAST-LARGE-TTL2,0,1904,false,21660000,24660000,22052250,23679250,82.0-88.0,82.0-88.0,1903,1007,0
inf-MAX-FAST-LARGE-TTL2,0,1856,false,20601500,23601500,22995500,23692500,34.0-34.0,34.0-34.0,1855,14,0
inf-MAX-FAST-LARGE-TTL2,1,1855,true,20601500,23601500,23301000,23793250,34.0-34.0,52.0-120.0,null,16,1
inf-MAX-FAST-LARGE-TTL2,1,1854,true,20601500,23601500,23281500,23808000,34.0-38.0,104.0-120.0,null,1008,1
inf-MAX-FAST-LARGE-TTL2,1,1948,true,22402000,24802000,23540500,23944000,54.0-84.0,180.0-120.0,null,1003,1
inf-MAX-FAST-LARGE-TTL2,1,1906,true,21922750,25522750,23737500,24151000,88.0-38.0,148.0-120.0,null,1,1
inf-MAX-FAST-LARGE-TTL2,0,1912,false,21922750,24922750,23248500,24441750,88.0-38.0,88.0-38.0,1907,4,0
inf-MAX-FAST-LARGE-TTL2,1,1907,true,21922750,24922750,24047500,24646500,88.0-38.0,100.0-120.0,null,0,1
inf-MAX-FAST-LARGE-TTL2,1,1944,true,22162250,24562250,24264000,24653750,56.0-18.0,110.0-68.0,null,1008,1
inf-MAX-FAST-LARGE-TTL2,1,1950,true,22402000,26002000,24326250,24709750,54.0-84.0,148.0-120.0,null,14,1
inf-MAX-FAST-LARGE-TTL2,0,1911,false,21922750,23722750,22600500,24806250,88.0-38.0,88.0-38.0,1909,19,0
inf-MAX-FAST-LARGE-TTL2,1,2070,true,23952750,25752750,24718000,25119000,50.0-24.0,64.0-120.0,null,16,1
inf-MAX-FAST-LARGE-TTL2,1,2064,true,23952750,27552750,24746500,25127500,150.0-108.0,56.0-120.0,null,1003,1
inf-MAX-FAST-LARGE-TTL2,0,1977,false,22577000,24377000,24631500,25392000,78.0-114.0,78.0-114.0,1973,1005,0
inf-MAX-FAST-LARGE-TTL2,1,1973,true,22577000,24377000,25033750,25403500,78.0-114.0,180.0-120.0,null,1008,1
inf-MAX-FAST-LARGE-TTL2,1,2028,true,23611250,25411250,25028500,25472500,82.0-28.0,64.0-120.0,null,1,1
inf-MAX-FAST-LARGE-TTL2,1,1949,true,22402000,25402000,25146000,25502000,54.0-84.0,56.0-120.0,null,14,1
inf-MAX-FAST-LARGE-TTL2,0,1954,false,22402000,25402000,24824250,25508000,54.0-84.0,54.0-84.0,1949,4,0
inf-MAX-FAST-LARGE-TTL2,0,1976,false,22577000,24377000,24296000,25745000,78.0-114.0,78.0-114.0,1973,2,0
inf-MAX-FAST-LARGE-TTL2,0,1953,false,22402000,26002000,24014000,25871250,54.0-84.0,54.0-84.0,1950,1007,0
inf-MAX-FAST-LARGE-TTL2,0,1975,false,22577000,24377000,23926250,26103250,78.0-114.0,78.0-114.0,1973,1006,0
inf-MAX-FAST-LARGE-TTL2,1,1980,true,22577000,24977000,25778750,26136000,152.0-68.0,120.0-120.0,null,1003,1
inf-MAX-FAST-LARGE-TTL2,1,2029,true,23611250,26611250,25831000,26217000,82.0-28.0,100.0-120.0,null,1009,1
inf-MAX-FAST-LARGE-TTL2,0,1951,false,22402000,26002000,23235250,26237000,54.0-84.0,54.0-84.0,1950,13,0
inf-MAX-FAST-LARGE-TTL2,0,1974,false,22577000,24377000,23616250,26465250,78.0-114.0,78.0-114.0,1973,1018,0
inf-MAX-FAST-LARGE-TTL2,1,2127,true,25508000,29108000,26145250,26541000,104.0-58.0,100.0-120.0,null,16,1
inf-MAX-FAST-LARGE-TTL2,1,2062,true,23952750,27552750,26551000,26874500,150.0-108.0,156.0-120.0,null,1,1
inf-MAX-FAST-LARGE-TTL2,1,1978,true,22577000,24977000,26876250,27248500,152.0-68.0,96.0-120.0,null,1018,1
inf-MAX-FAST-LARGE-TTL2,0,2074,false,23952750,25752750,26689250,27351000,50.0-24.0,50.0-24.0,2069,1003,0
inf-MAX-FAST-LARGE-TTL2,1,2069,true,23952750,25752750,26998250,27394250,50.0-24.0,104.0-120.0,null,16,1
inf-MAX-FAST-LARGE-TTL2,0,1984,false,22577000,25577000,26482000,27543750,152.0-68.0,152.0-68.0,1979,1007,0
inf-MAX-FAST-LARGE-TTL2,1,1979,true,22577000,25577000,27183000,27557750,152.0-68.0,100.0-120.0,null,1006,1
inf-MAX-FAST-LARGE-TTL2,0,2131,false,25508000,27308000,26613250,27655250,104.0-54.0,104.0-54.0,2130,1009,0
inf-MAX-FAST-LARGE-TTL2,1,2130,true,25508000,27308000,27295750,27696750,104.0-54.0,52.0-120.0,null,1,1
inf-MAX-FAST-LARGE-TTL2,0,2073,false,23952750,25752750,26372250,27740750,50.0-24.0,50.0-24.0,2069,1015,0
inf-MAX-FAST-LARGE-TTL2,0,1983,false,22577000,25577000,26171500,27905750,152.0-68.0,152.0-68.0,1979,4,0
inf-MAX-FAST-LARGE-TTL2,0,2072,false,23952750,25752750,25994750,28104000,50.0-24.0,50.0-24.0,2069,1005,0
inf-MAX-FAST-LARGE-TTL2,1,2162,true,26103250,28503250,27743000,28139000,126.0-28.0,72.0-120.0,null,1003,1
inf-MAX-FAST-LARGE-TTL2,1,2128,true,25508000,27308000,27876000,28232000,104.0-58.0,108.0-120.0,null,16,1
inf-MAX-FAST-LARGE-TTL2,0,1982,false,22577000,24977000,25465000,28262000,152.0-68.0,152.0-68.0,1980,1017,0
inf-MAX-FAST-LARGE-TTL2,1,2239,true,27740750,30140750,27967500,28382250,176.0-104.0,52.0-120.0,null,1006,1
inf-MAX-FAST-LARGE-TTL2,0,2068,false,23952750,26352750,27664750,28402000,150.0-108.0,150.0-108.0,2063,1018,0
inf-MAX-FAST-LARGE-TTL2,1,2063,true,23952750,26352750,28040000,28408500,150.0-108.0,84.0-120.0,null,1009,1
inf-MAX-FAST-LARGE-TTL2,0,2071,false,23952750,25752750,25423500,28468500,50.0-24.0,50.0-24.0,2069,19,0
inf-MAX-FAST-LARGE-TTL2,1,2129,true,25508000,28508000,28181000,28559500,104.0-58.0,144.0-120.0,null,1007,1
inf-MAX-FAST-LARGE-TTL2,0,1981,false,22577000,24977000,25078750,28626500,152.0-68.0,152.0-68.0,1980,0,0
inf-MAX-FAST-LARGE-TTL2,0,2067,false,23952750,26352750,26918750,28765250,150.0-108.0,150.0-108.0,2063,14,0
